{
  "row_count": 26,
  "paper_constants": {
    "Li": 3.2983e-09,
    "Na": 1.1476e-12
  },
  "paper_lnK": {
    "Li": -19.52985865272526,
    "Na": -27.493348310803476
  },
  "median_lnQ_at_experimental_rows": {
    "Li": 12.803773796978067,
    "Na": 10.265129102169048
  },
  "mean_lnQ_at_experimental_rows": {
    "Li": 12.968563706090018,
    "Na": 10.454818354952351
  },
  "median_lnQ_minus_lnK": {
    "Li": 32.33363244970333,
    "Na": 37.758477412972525
  },
  "max_abs_charge_residual": 8.000012776017418e-07,
  "median_abs_complex_error_from_paper_K": {
    "RLi": 0.004442850658281856,
    "RNa": 0.020811015739249972
  },
  "mean_relative_complex_error_from_paper_K": {
    "RLi": 0.9999999980654698,
    "RNa": 0.9999999980656575
  },
  "effective_constants_implied_by_experimental_rows": {
    "Li_median": 363586.96724340814,
    "Na_median": 28713.6845635518,
    "Li_geomean": 428721.88719584746,
    "Na_geomean": 34711.22341357034
  },
  "status": "source_mismatch"
}
