component,MW,m,s,e,e_assoc,vol_a,assoc_scheme,dipm,dip_num,z,dielc,d_born,f_solv
H2O,0.01801528,1.2047,sigma=2.7927+(10.11*exp(-0.01775*T)-1.417*exp(-0.01146*T)),353.95,2425.7,0.0451,2B,0,1,0,78.09,0,1.5
TOP,0.43463,4.2032,5.4506,280.4777,6393.5,0.0001,2B,0,1,0,11,0,1.0
[HOEMIM][Tf2N],0.40731,4.073,4.6432,434.612,5000,0.1,2B,0,1,0,11,0,1.0
Li+,0.00694,1,2.8449,360,0,100,2B,0,1,1,8,2.784,1.0
Mg2+,0.02431,1,3.1327,1500,0,0,,0,1,2,8,3.1327,1.0
Cl-,0.03545,1,2.756,170,0,0,,0,1,-1,8,4.1,1.0