sweep_type,condition_label,na_mg_L,oa_ratio,li_extraction_pct,na_extraction_pct,li_org_mg_L_basis,na_org_mg_L_basis,li_raffinate_mg_L,na_raffinate_mg_L,d_li,d_na,selectivity,saltout_factor
oa,O/A = 0.25,10900.0,0.25,13.001180718443077,0.22668662924795574,7.800708431065846,24.708842588027178,52.19929156893414,10875.291157411973,0.1494408869661433,0.002272016650440393,65.77455624595737,6.0
oa,O/A = 0.50,10900.0,0.5,26.002361436886154,0.4533732584959115,15.601416862131693,49.417685176054356,44.3985831378683,10850.582314823945,0.3513944761184277,0.004554380930186618,77.1552668748833,6.0
oa,O/A = 0.75,10900.0,0.75,39.003542155329235,0.6800598877438672,23.402125293197535,74.12652776408152,36.597874706802465,10825.873472235919,0.639439461462711,0.006847163691150348,93.38749448755809,6.0
oa,O/A = 1.00,10900.0,1.0,52.00472287377231,0.906746516991823,31.202833724263385,98.83537035210871,28.79716627573661,10801.164629647892,1.0835383393453435,0.009150436433569168,118.41384257588953,6.0
oa,O/A = 1.25,10900.0,1.25,65.00590359221539,1.1334331462397784,39.00354215532923,123.54421294013585,20.996457844670765,10776.455787059864,1.8576248643401034,0.011464271313439163,162.036017253227,6.0
oa,O/A = 1.50,10900.0,1.5,78.00708431065847,1.3601197754877343,46.80425058639507,148.25305552816303,13.195749413604918,10751.746944471837,3.546918717487886,0.013788741150049988,257.2329612174225,6.0
oa,O/A = 1.70,10900.0,1.7,88.40802888541292,1.541469078886099,53.04481733124775,168.0201295985848,6.9551826687522444,10731.979870401416,7.626660557682227,0.015656023550880947,487.13905755801466,6.0
oa,O/A = 1.80,10900.0,1.8,93.60850117279017,1.6321437305852813,56.16510070367409,177.90366663379567,3.834899296325898,10722.096333366204,14.645782421844608,0.016592246618804887,882.6883277666421,6.0
