sweep_type,condition_label,na_mg_L,oa_ratio,li_extraction_pct,na_extraction_pct,li_org_mg_L_basis,na_org_mg_L_basis,li_raffinate_mg_L,na_raffinate_mg_L,d_li,d_na,selectivity,saltout_factor
salt,Na = 0 mg/L,0.0,1.0,49.822549087116066,0.0,29.893529452269636,0.0,30.106470547730357,0.0,0.992927065458466,nan,9.929270654584658e+29,1.0
salt,Na = 2000 mg/L,2000.0,1.0,51.30657567723018,2.7739420535585135,30.783945406338102,55.47884107117027,29.21605459366189,1944.52115892883,1.0536653848194941,0.02853084977575233,36.93073964151529,1.934951149656202
salt,Na = 10900 mg/L,10900.0,1.0,52.00472287377231,0.906746516991823,31.202833724263385,98.83537035210871,28.79716627573661,10801.164629647892,1.0835383393453435,0.009150436433569168,118.41384257588953,6.0
salt,Na = 20000 mg/L,20000.0,1.0,51.71946864561637,0.5408518959290756,31.031681187369816,108.17037918581512,28.968318812630176,19891.829620814184,1.0712282403437239,0.005437930107375796,196.99191037611016,10.003916495569776
oa,O/A = 0.50,10900.0,0.5,26.002361436886154,0.4533732584959115,15.601416862131693,49.417685176054356,44.3985831378683,10850.582314823945,0.3513944761184277,0.004554380930186618,77.1552668748833,6.0
oa,O/A = 1.00,10900.0,1.0,52.00472287377231,0.906746516991823,31.202833724263385,98.83537035210871,28.79716627573661,10801.164629647892,1.0835383393453435,0.009150436433569168,118.41384257588953,6.0
oa,O/A = 1.80,10900.0,1.8,93.60850117279017,1.6321437305852813,56.16510070367409,177.90366663379567,3.834899296325898,10722.096333366204,14.645782421844608,0.016592246618804887,882.6883277666421,6.0
